[{"model": "contenttypes.contenttype", "fields": {"app_label": "admin", "model": "logentry"}}, {"model": "contenttypes.contenttype", "fields": {"app_label": "auth", "model": "permission"}}, {"model": "contenttypes.contenttype", "fields": {"app_label": "auth", "model": "group"}}, {"model": "contenttypes.contenttype", "fields": {"app_label": "contenttypes", "model": "contenttype"}}, {"model": "contenttypes.contenttype", "fields": {"app_label": "sessions", "model": "session"}}, {"model": "contenttypes.contenttype", "fields": {"app_label": "blog", "model": "post"}}, {"model": "contenttypes.contenttype", "fields": {"app_label": "blog", "model": "comment"}}, {"model": "contenttypes.contenttype", "fields": {"app_label": "bookings", "model": "booking"}}, {"model": "contenttypes.contenttype", "fields": {"app_label": "bookings", "model": "cartitem"}}, {"model": "contenttypes.contenttype", "fields": {"app_label": "users", "model": "customuser"}}, {"model": "contenttypes.contenttype", "fields": {"app_label": "users", "model": "customerprofile"}}, {"model": "contenttypes.contenttype", "fields": {"app_label": "users", "model": "bloggerrequest"}}, {"model": "contenttypes.contenttype", "fields": {"app_label": "users", "model": "bloggerprofile"}}, {"model": "contenttypes.contenttype", "fields": {"app_label": "cart", "model": "cartitem"}}, {"model": "contenttypes.contenttype", "fields": {"app_label": "django_summernote", "model": "attachment"}}, {"model": "sessions.session", "pk": "bsnk80uk3k04kngev2d7ef4jfd8bwgai", "fields": {"session_data": ".eJxVjMsOwiAQRf-FtSG8BNql-36BMWRgBls1kNB2Zfx326QL3d5z7nmzAOsyhnWmFiZkPVPs9LtFSE8qO8AHlHvlqZalTZHvCj_ozIeK9Loc7l9ghHnc3gYpZ4gKbXTojQcSSTrbYRImR7DKoSZMWcrunI0T3nZW6QxOkkUd3RZN0BbWX2-fL1kUO6w:1vQ7NZ:p1uXFPY8i6SWbYe-7sLrz5_Th-ybmHmCEdFdAsCJ46g", "expire_date": "2025-12-15T17:08:01.909Z"}}, {"model": "sessions.session", "pk": "s20je6iz5v3tguohvbyzb6z9gwumyn1o", "fields": {"session_data": ".eJxVjE0OgjAYBe_StWkKpUpZuvcExjTfr0UNJAVWxrsLCQvdvpk3b5NgmXNaJimpZ9MZbw6_GwI9ZdgAP2C4j5bGYS492k2xO53sZWR5nXf3L5BhyusbOVbqGhccNFJRaKqjQM0xtqBBfc0MAZHEEwaneFIVz8DaAgox6BolKLPprrfPF12OPTw:1vQNPO:LuCJzo5X3vL1avZHM0ThFRxdt81BhWDjiqWWOkRLetc", "expire_date": "2025-12-16T10:14:58.195Z"}}, {"model": "sessions.session", "pk": "u7q25m9stjvmi5i45xq9wqqm0lk8jc95", "fields": {"session_data": ".eJxVjDsOwjAQBe_iGlnegO11SnpOgFC0u7ZJAMVSPhXi7sRSCmjfzJu36mhd-m6d09QNUbUK1OF3Y5JnGiuIDxrvRUsZl2lgXRW901lfSkyv8-7-BXqa--1NDAnQ5cb4jAHAHqGxDh02IsEZl8gwm-QRRLIw-qqcLAVkiJHDFhWaFtVeb58v_t06fA:1vPWKb:g0DJPmurbikd51jeEHnLkuzYNjRhbiDSRY8q-ojIH8g", "expire_date": "2025-12-14T01:34:29.518Z"}}, {"model": "sessions.session", "pk": "yn3tdp2o6ayqu0ilc95nn7y5aylmeg3c", "fields": {"session_data": ".eJxVjMsOgjAQRf-la9NQ6GNk6Z4vMIZMZwZBTZtAWRn_XUhY6Paec89b9biWsV8XmfuJVatAnX63iPSUtAN-YLpnTTmVeYp6V_RBF91lltflcP8CIy7j9nYCfsAoYK0NYHygwdUBKiJvyUQ5U-OCYAWNlxqcMSwk3AAjR1fHYYsSzkW119vnCyvtO4M:1vQuMD:F276uJo_Au701PXZfMSxN8OexiqlVo9DhpQJd_71imA", "expire_date": "2025-12-17T21:25:53.196Z"}}, {"model": "sessions.session", "pk": "zxtmusk8rzyef4ti4beqkp0f7x3yq4uu", "fields": {"session_data": ".eJxVjEEOwiAQRe_C2hCYQqtduvcExpAZZpCqKUlpV8a72yZd6Pa_999bBVzmHJYqUxhY9QoadfgdCeNTxo3wA8d70bGM8zSQ3hS906ovheV13t2_QMaa13e0QOzYWWdbzyDmJN6II0xdJ11rvQUDAELRkLSQnBjBJgEDHaMXs0YjTrPqr7fPF0THO0s:1vQCgV:2wDqoiRbjvXHgQbBTP2b6j5MdJZhzVtCUPlqjFRYFlg", "expire_date": "2025-12-15T22:47:55.480Z"}}, {"model": "auth.permission", "fields": {"name": "Can add log entry", "content_type": ["admin", "logentry"], "codename": "add_logentry"}}, {"model": "auth.permission", "fields": {"name": "Can change log entry", "content_type": ["admin", "logentry"], "codename": "change_logentry"}}, {"model": "auth.permission", "fields": {"name": "Can delete log entry", "content_type": ["admin", "logentry"], "codename": "delete_logentry"}}, {"model": "auth.permission", "fields": {"name": "Can view log entry", "content_type": ["admin", "logentry"], "codename": "view_logentry"}}, {"model": "auth.permission", "fields": {"name": "Can add permission", "content_type": ["auth", "permission"], "codename": "add_permission"}}, {"model": "auth.permission", "fields": {"name": "Can change permission", "content_type": ["auth", "permission"], "codename": "change_permission"}}, {"model": "auth.permission", "fields": {"name": "Can delete permission", "content_type": ["auth", "permission"], "codename": "delete_permission"}}, {"model": "auth.permission", "fields": {"name": "Can view permission", "content_type": ["auth", "permission"], "codename": "view_permission"}}, {"model": "auth.permission", "fields": {"name": "Can add group", "content_type": ["auth", "group"], "codename": "add_group"}}, {"model": "auth.permission", "fields": {"name": "Can change group", "content_type": ["auth", "group"], "codename": "change_group"}}, {"model": "auth.permission", "fields": {"name": "Can delete group", "content_type": ["auth", "group"], "codename": "delete_group"}}, {"model": "auth.permission", "fields": {"name": "Can view group", "content_type": ["auth", "group"], "codename": "view_group"}}, {"model": "auth.permission", "fields": {"name": "Can add content type", "content_type": ["contenttypes", "contenttype"], "codename": "add_contenttype"}}, {"model": "auth.permission", "fields": {"name": "Can change content type", "content_type": ["contenttypes", "contenttype"], "codename": "change_contenttype"}}, {"model": "auth.permission", "fields": {"name": "Can delete content type", "content_type": ["contenttypes", "contenttype"], "codename": "delete_contenttype"}}, {"model": "auth.permission", "fields": {"name": "Can view content type", "content_type": ["contenttypes", "contenttype"], "codename": "view_contenttype"}}, {"model": "auth.permission", "fields": {"name": "Can add session", "content_type": ["sessions", "session"], "codename": "add_session"}}, {"model": "auth.permission", "fields": {"name": "Can change session", "content_type": ["sessions", "session"], "codename": "change_session"}}, {"model": "auth.permission", "fields": {"name": "Can delete session", "content_type": ["sessions", "session"], "codename": "delete_session"}}, {"model": "auth.permission", "fields": {"name": "Can view session", "content_type": ["sessions", "session"], "codename": "view_session"}}, {"model": "auth.permission", "fields": {"name": "Can add post", "content_type": ["blog", "post"], "codename": "add_post"}}, {"model": "auth.permission", "fields": {"name": "Can change post", "content_type": ["blog", "post"], "codename": "change_post"}}, {"model": "auth.permission", "fields": {"name": "Can delete post", "content_type": ["blog", "post"], "codename": "delete_post"}}, {"model": "auth.permission", "fields": {"name": "Can view post", "content_type": ["blog", "post"], "codename": "view_post"}}, {"model": "auth.permission", "fields": {"name": "Can add comment", "content_type": ["blog", "comment"], "codename": "add_comment"}}, {"model": "auth.permission", "fields": {"name": "Can change comment", "content_type": ["blog", "comment"], "codename": "change_comment"}}, {"model": "auth.permission", "fields": {"name": "Can delete comment", "content_type": ["blog", "comment"], "codename": "delete_comment"}}, {"model": "auth.permission", "fields": {"name": "Can view comment", "content_type": ["blog", "comment"], "codename": "view_comment"}}, {"model": "auth.permission", "fields": {"name": "Can add booking", "content_type": ["bookings", "booking"], "codename": "add_booking"}}, {"model": "auth.permission", "fields": {"name": "Can change booking", "content_type": ["bookings", "booking"], "codename": "change_booking"}}, {"model": "auth.permission", "fields": {"name": "Can delete booking", "content_type": ["bookings", "booking"], "codename": "delete_booking"}}, {"model": "auth.permission", "fields": {"name": "Can view booking", "content_type": ["bookings", "booking"], "codename": "view_booking"}}, {"model": "auth.permission", "fields": {"name": "Can add cart item", "content_type": ["bookings", "cartitem"], "codename": "add_cartitem"}}, {"model": "auth.permission", "fields": {"name": "Can change cart item", "content_type": ["bookings", "cartitem"], "codename": "change_cartitem"}}, {"model": "auth.permission", "fields": {"name": "Can delete cart item", "content_type": ["bookings", "cartitem"], "codename": "delete_cartitem"}}, {"model": "auth.permission", "fields": {"name": "Can view cart item", "content_type": ["bookings", "cartitem"], "codename": "view_cartitem"}}, {"model": "auth.permission", "fields": {"name": "Can add user", "content_type": ["users", "customuser"], "codename": "add_customuser"}}, {"model": "auth.permission", "fields": {"name": "Can change user", "content_type": ["users", "customuser"], "codename": "change_customuser"}}, {"model": "auth.permission", "fields": {"name": "Can delete user", "content_type": ["users", "customuser"], "codename": "delete_customuser"}}, {"model": "auth.permission", "fields": {"name": "Can view user", "content_type": ["users", "customuser"], "codename": "view_customuser"}}, {"model": "auth.permission", "fields": {"name": "Can add customer profile", "content_type": ["users", "customerprofile"], "codename": "add_customerprofile"}}, {"model": "auth.permission", "fields": {"name": "Can change customer profile", "content_type": ["users", "customerprofile"], "codename": "change_customerprofile"}}, {"model": "auth.permission", "fields": {"name": "Can delete customer profile", "content_type": ["users", "customerprofile"], "codename": "delete_customerprofile"}}, {"model": "auth.permission", "fields": {"name": "Can view customer profile", "content_type": ["users", "customerprofile"], "codename": "view_customerprofile"}}, {"model": "auth.permission", "fields": {"name": "Can add blogger request", "content_type": ["users", "bloggerrequest"], "codename": "add_bloggerrequest"}}, {"model": "auth.permission", "fields": {"name": "Can change blogger request", "content_type": ["users", "bloggerrequest"], "codename": "change_bloggerrequest"}}, {"model": "auth.permission", "fields": {"name": "Can delete blogger request", "content_type": ["users", "bloggerrequest"], "codename": "delete_bloggerrequest"}}, {"model": "auth.permission", "fields": {"name": "Can view blogger request", "content_type": ["users", "bloggerrequest"], "codename": "view_bloggerrequest"}}, {"model": "auth.permission", "fields": {"name": "Can add blogger profile", "content_type": ["users", "bloggerprofile"], "codename": "add_bloggerprofile"}}, {"model": "auth.permission", "fields": {"name": "Can change blogger profile", "content_type": ["users", "bloggerprofile"], "codename": "change_bloggerprofile"}}, {"model": "auth.permission", "fields": {"name": "Can delete blogger profile", "content_type": ["users", "bloggerprofile"], "codename": "delete_bloggerprofile"}}, {"model": "auth.permission", "fields": {"name": "Can view blogger profile", "content_type": ["users", "bloggerprofile"], "codename": "view_bloggerprofile"}}, {"model": "auth.permission", "fields": {"name": "Can add cart item", "content_type": ["cart", "cartitem"], "codename": "add_cartitem"}}, {"model": "auth.permission", "fields": {"name": "Can change cart item", "content_type": ["cart", "cartitem"], "codename": "change_cartitem"}}, {"model": "auth.permission", "fields": {"name": "Can delete cart item", "content_type": ["cart", "cartitem"], "codename": "delete_cartitem"}}, {"model": "auth.permission", "fields": {"name": "Can view cart item", "content_type": ["cart", "cartitem"], "codename": "view_cartitem"}}, {"model": "auth.permission", "fields": {"name": "Can add attachment", "content_type": ["django_summernote", "attachment"], "codename": "add_attachment"}}, {"model": "auth.permission", "fields": {"name": "Can change attachment", "content_type": ["django_summernote", "attachment"], "codename": "change_attachment"}}, {"model": "auth.permission", "fields": {"name": "Can delete attachment", "content_type": ["django_summernote", "attachment"], "codename": "delete_attachment"}}, {"model": "auth.permission", "fields": {"name": "Can view attachment", "content_type": ["django_summernote", "attachment"], "codename": "view_attachment"}}, {"model": "users.customuser", "fields": {"password": "pbkdf2_sha256$600000$9u1zdH0w6iVYkf3GmsUyCS$KMiyhSgv7xygI6s8co4s+Hbdi4jl8r+ULVY0EItO2I4=", "last_login": "2025-11-30T01:34:29.513Z", "is_superuser": false, "username": "testuser_76076d07", "first_name": "", "last_name": "", "email": "testuser_76076d07@example.local", "is_staff": false, "is_active": true, "date_joined": "2025-11-30T01:34:29.113Z", "is_customer": true, "is_blogger": false, "groups": [], "user_permissions": []}}, {"model": "users.customuser", "fields": {"password": "pbkdf2_sha256$600000$fCVBYfCoVVAxjmpZOMVWnY$fXzPtBKwRGK7390UT50GwFKEKSzfXq51epuO/rTRo3k=", "last_login": "2025-12-03T14:37:04.175Z", "is_superuser": true, "username": "admin", "first_name": "", "last_name": "", "email": "admin@example.com", "is_staff": true, "is_active": true, "date_joined": "2025-11-30T23:43:42.925Z", "is_customer": true, "is_blogger": false, "groups": [], "user_permissions": []}}, {"model": "users.customuser", "fields": {"password": "pbkdf2_sha256$600000$M728YBFnoFdjBJaINqLAv6$AzRAuTdQXBLmExcH8oOJTdGx47+SPqV23xbJ/6OwNws=", "last_login": "2025-12-03T09:34:14.258Z", "is_superuser": false, "username": "user_customer_01", "first_name": "Amanda", "last_name": "Wilson", "email": "user_customer_01@example.com", "is_staff": false, "is_active": true, "date_joined": "2025-12-01T22:29:47.537Z", "is_customer": true, "is_blogger": false, "groups": [], "user_permissions": []}}, {"model": "users.customuser", "fields": {"password": "pbkdf2_sha256$600000$vL5QmWXE8UAdSVMu5eASUm$wzl1gXkb7cC0dBST9/D01ITT0rciouj6NgOuFHt2Bps=", "last_login": null, "is_superuser": false, "username": "user_customer_02", "first_name": "Anna", "last_name": "Miller", "email": "user_customer_02@example.com", "is_staff": false, "is_active": true, "date_joined": "2025-12-01T22:29:47.956Z", "is_customer": true, "is_blogger": false, "groups": [], "user_permissions": []}}, {"model": "users.customuser", "fields": {"password": "pbkdf2_sha256$600000$7SDhAUZhi4P4JJAh13VVuW$JDPfmN+pOlp1/XzF/OxcWEcoCbV4M6CQY3vRdDltrrI=", "last_login": null, "is_superuser": false, "username": "user_customer_03", "first_name": "Jessica", "last_name": "Wilson", "email": "user_customer_03@example.com", "is_staff": false, "is_active": true, "date_joined": "2025-12-01T22:29:48.330Z", "is_customer": true, "is_blogger": false, "groups": [], "user_permissions": []}}, {"model": "users.customuser", "fields": {"password": "pbkdf2_sha256$600000$6oBxb7pZ6aIWbpsDqSQBIi$3V1T6eoAGZfBf5jmZTYID8MKgfQYvrhRP1EUNgj++5s=", "last_login": null, "is_superuser": false, "username": "user_customer_04", "first_name": "Mike", "last_name": "Martinez", "email": "user_customer_04@example.com", "is_staff": false, "is_active": true, "date_joined": "2025-12-01T22:29:48.694Z", "is_customer": true, "is_blogger": false, "groups": [], "user_permissions": []}}, {"model": "users.customuser", "fields": {"password": "pbkdf2_sha256$600000$hpVcZJvfA3k2Id41hS7Eks$if8S7/7yAyx6WbXnikjRhz+OIq7n87UfOmWY3wUTgso=", "last_login": null, "is_superuser": false, "username": "user_customer_05", "first_name": "Rachel", "last_name": "Moore", "email": "user_customer_05@example.com", "is_staff": false, "is_active": true, "date_joined": "2025-12-01T22:29:49.086Z", "is_customer": true, "is_blogger": false, "groups": [], "user_permissions": []}}, {"model": "users.customuser", "fields": {"password": "pbkdf2_sha256$600000$zGV7OkFATstCjh7rD1YYLk$9NfD97HR0poDOzGFdTGlFxs6whSO/jbw/myhtwTF444=", "last_login": "2025-12-03T21:25:53.191Z", "is_superuser": false, "username": "user_blogger_06", "first_name": "Paul", "last_name": "Wilson", "email": "user_blogger_06@example.com", "is_staff": false, "is_active": true, "date_joined": "2025-12-01T22:29:49.452Z", "is_customer": true, "is_blogger": true, "groups": [], "user_permissions": []}}, {"model": "users.customuser", "fields": {"password": "pbkdf2_sha256$600000$ijp1fPvjsZylPr2OKdyawg$jnSTCx3k45Z/ZbYSIZ3wdj5X1GvLCjBK5vnr0KUmatQ=", "last_login": null, "is_superuser": false, "username": "user_blogger_07", "first_name": "Robert", "last_name": "Miller", "email": "user_blogger_07@example.com", "is_staff": false, "is_active": true, "date_joined": "2025-12-01T22:29:49.819Z", "is_customer": true, "is_blogger": true, "groups": [], "user_permissions": []}}, {"model": "users.customuser", "fields": {"password": "pbkdf2_sha256$600000$Smqnmbfb6qxfipGRv4kiLh$QSyD060x7tdcVPgLD9YhZpi6wRKzVZAVDpnyDkLxKeM=", "last_login": null, "is_superuser": false, "username": "user_blogger_08", "first_name": "Anna", "last_name": "Miller", "email": "user_blogger_08@example.com", "is_staff": false, "is_active": true, "date_joined": "2025-12-01T22:29:50.190Z", "is_customer": true, "is_blogger": true, "groups": [], "user_permissions": []}}, {"model": "users.customuser", "fields": {"password": "pbkdf2_sha256$600000$W7BOHeytY5ZF1SydJOwNbi$TyJ2fjajX4XI2u/E4B/b8VAmnEm4HbPpCM6TyPFMG3I=", "last_login": null, "is_superuser": false, "username": "user_blogger_09", "first_name": "Chris", "last_name": "Miller", "email": "user_blogger_09@example.com", "is_staff": false, "is_active": true, "date_joined": "2025-12-01T22:29:50.557Z", "is_customer": true, "is_blogger": true, "groups": [], "user_permissions": []}}, {"model": "users.customuser", "fields": {"password": "pbkdf2_sha256$600000$WHIz7bNTOcO51svLUuSbut$RBCuHGLdE/3OLmYc3CwmgiPxqTDbZjd+wpYnaLlYFhI=", "last_login": null, "is_superuser": false, "username": "user_blogger_10", "first_name": "Amanda", "last_name": "Garcia", "email": "user_blogger_10@example.com", "is_staff": false, "is_active": true, "date_joined": "2025-12-01T22:29:50.920Z", "is_customer": true, "is_blogger": true, "groups": [], "user_permissions": []}}, {"model": "users.customuser", "fields": {"password": "pbkdf2_sha256$600000$4calRhZ5aQCIilbFjcKrZx$NR8LfPtq9Zy2u2iF3FzSOpqrVfP4Xzu2/CxX7iRp6vA=", "last_login": null, "is_superuser": false, "username": "user_guest_11", "first_name": "Nicole", "last_name": "Martin", "email": "user_guest_11@example.com", "is_staff": false, "is_active": true, "date_joined": "2025-12-01T22:29:51.286Z", "is_customer": false, "is_blogger": false, "groups": [], "user_permissions": []}}, {"model": "users.customuser", "fields": {"password": "pbkdf2_sha256$600000$bekHhQ2jaTrcSfqXyN2MuQ$yKzQ69Y2IjyE+bTaLc3UBO+rh8HESVaK/ChRjYlhFik=", "last_login": null, "is_superuser": false, "username": "user_guest_12", "first_name": "Anna", "last_name": "Martin", "email": "user_guest_12@example.com", "is_staff": false, "is_active": true, "date_joined": "2025-12-01T22:29:51.656Z", "is_customer": false, "is_blogger": false, "groups": [], "user_permissions": []}}, {"model": "users.customuser", "fields": {"password": "pbkdf2_sha256$600000$dSMESP6VB1NEz09Xalb8HK$aMmE2eUjKp8/ekJH6J2UuUoHmU+j0eMSzDfbJwfC55A=", "last_login": null, "is_superuser": false, "username": "user_guest_13", "first_name": "Emily", "last_name": "Brown", "email": "user_guest_13@example.com", "is_staff": false, "is_active": true, "date_joined": "2025-12-01T22:29:52.025Z", "is_customer": false, "is_blogger": false, "groups": [], "user_permissions": []}}, {"model": "users.customuser", "fields": {"password": "pbkdf2_sha256$600000$QwUDgXsBVLig8Zppvtjcz9$oBUqr9IAuKT7G9Qhn3azHKrqOtXqjKGm8kS603l08Xw=", "last_login": null, "is_superuser": false, "username": "user_guest_14", "first_name": "Rachel", "last_name": "Garcia", "email": "user_guest_14@example.com", "is_staff": false, "is_active": true, "date_joined": "2025-12-01T22:29:52.411Z", "is_customer": false, "is_blogger": false, "groups": [], "user_permissions": []}}, {"model": "users.customuser", "fields": {"password": "pbkdf2_sha256$600000$PQqDCHed3d1uhjutTHPcLB$mAqXC0Suaql/hAtBoCWknG8cPE5Kzm2AEEDpvsEmDOg=", "last_login": null, "is_superuser": false, "username": "user_guest_15", "first_name": "Anna", "last_name": "Brown", "email": "user_guest_15@example.com", "is_staff": false, "is_active": true, "date_joined": "2025-12-01T22:29:52.779Z", "is_customer": false, "is_blogger": false, "groups": [], "user_permissions": []}}, {"model": "users.customuser", "fields": {"password": "pbkdf2_sha256$600000$IkRQTgtZ734cdt3LKVsX3H$geVq+ZaMw0mix+h4IGmfVL1bm+1TBTGS0BL7abh7cRk=", "last_login": null, "is_superuser": true, "username": "user_admin_16", "first_name": "Chris", "last_name": "Rodriguez", "email": "user_admin_16@example.com", "is_staff": true, "is_active": true, "date_joined": "2025-12-01T22:29:53.143Z", "is_customer": true, "is_blogger": false, "groups": [], "user_permissions": []}}, {"model": "users.customuser", "fields": {"password": "pbkdf2_sha256$600000$TftnootIA7qglOH4njzEbb$22gikQYeknlJXkirnwrwtLuLoPsa0arCOSAQoYjm41c=", "last_login": "2025-12-03T11:39:00.779Z", "is_superuser": false, "username": "user_customer_17", "first_name": "Tom", "last_name": "Garcia", "email": "user_customer_17@example.com", "is_staff": false, "is_active": true, "date_joined": "2025-12-01T22:29:53.511Z", "is_customer": true, "is_blogger": false, "groups": [], "user_permissions": []}}, {"model": "users.customuser", "fields": {"password": "pbkdf2_sha256$600000$mqUZd96HzISJAU3CehkiOc$5008v89nngtIMucfK/s47xHt84Jzz5jAfQPnb0sbK9o=", "last_login": null, "is_superuser": false, "username": "user_customer_18", "first_name": "Rachel", "last_name": "Smith", "email": "user_customer_18@example.com", "is_staff": false, "is_active": true, "date_joined": "2025-12-01T22:29:53.877Z", "is_customer": true, "is_blogger": false, "groups": [], "user_permissions": []}}, {"model": "users.customuser", "fields": {"password": "pbkdf2_sha256$600000$2sdUGvXaoV7BExsdUGSZd4$x4WKJPMr9pCxjFlmLRbGE47RxMbsCYa6UkI0ynJNXz0=", "last_login": null, "is_superuser": false, "username": "user_blogger_19", "first_name": "Paul", "last_name": "Brown", "email": "user_blogger_19@example.com", "is_staff": false, "is_active": true, "date_joined": "2025-12-01T22:29:54.241Z", "is_customer": true, "is_blogger": true, "groups": [], "user_permissions": []}}, {"model": "users.customuser", "fields": {"password": "pbkdf2_sha256$600000$DknLIQaR6yQpJ8T034ARN8$tsnbu4FPh+ZO3+wh6nCoayEOToLBnqlHc9q8n10P5VM=", "last_login": null, "is_superuser": false, "username": "user_customer_20", "first_name": "Jane", "last_name": "Williams", "email": "user_customer_20@example.com", "is_staff": false, "is_active": true, "date_joined": "2025-12-01T22:29:54.600Z", "is_customer": true, "is_blogger": false, "groups": [], "user_permissions": []}}, {"model": "users.customuser", "fields": {"password": "pbkdf2_sha256$600000$xn6IUMuj7iSHaSnupnl8L6$BinzS0rluf7r2WQeQlcWcbSHmO4/iWJTrSgpECl6Oh4=", "last_login": "2025-12-01T22:47:55.473Z", "is_superuser": false, "username": "customer01", "first_name": "", "last_name": "", "email": "customer01@example.local", "is_staff": false, "is_active": true, "date_joined": "2025-12-01T22:47:54.625Z", "is_customer": true, "is_blogger": false, "groups": [], "user_permissions": []}}, {"model": "users.customuser", "fields": {"password": "pbkdf2_sha256$600000$E3ctjpLPwfVB75L2QP40hi$kxGRKw0+P0r9sMNuclEM/bPcDBuVoUdy5hGExO2WbD4=", "last_login": null, "is_superuser": false, "username": "customer02", "first_name": "", "last_name": "", "email": "customer02@example.local", "is_staff": false, "is_active": true, "date_joined": "2025-12-01T22:47:56.088Z", "is_customer": true, "is_blogger": false, "groups": [], "user_permissions": []}}, {"model": "users.customuser", "fields": {"password": "pbkdf2_sha256$600000$TjewDYcxxYTfmrl9ZUagvj$tEeH0Z0hsvlj+anbvxKa0cwQtqvu/TucmA43/40gA4M=", "last_login": null, "is_superuser": false, "username": "customer03", "first_name": "", "last_name": "", "email": "customer03@example.local", "is_staff": false, "is_active": true, "date_joined": "2025-12-01T22:47:57.065Z", "is_customer": true, "is_blogger": false, "groups": [], "user_permissions": []}}, {"model": "users.customuser", "fields": {"password": "pbkdf2_sha256$600000$k0Q6uq71jK8HozHTTDwENz$1w/BoF686rkgAVZkBzhkOTOHySkkPEmChTZQwb//OvQ=", "last_login": null, "is_superuser": false, "username": "customer04", "first_name": "", "last_name": "", "email": "customer04@example.local", "is_staff": false, "is_active": true, "date_joined": "2025-12-01T22:47:58.059Z", "is_customer": true, "is_blogger": false, "groups": [], "user_permissions": []}}, {"model": "users.customuser", "fields": {"password": "pbkdf2_sha256$600000$9kozX5YsD3bo5Bjegy642u$ezRVe8p6TgfK1+q+qrzE1DIRtox7BV+ReoeQvdyPZPw=", "last_login": null, "is_superuser": false, "username": "customer05", "first_name": "", "last_name": "", "email": "customer05@example.local", "is_staff": false, "is_active": true, "date_joined": "2025-12-01T22:47:59.042Z", "is_customer": true, "is_blogger": false, "groups": [], "user_permissions": []}}, {"model": "users.customuser", "fields": {"password": "pbkdf2_sha256$600000$lWZAqKPst3HUwhBH72IQmT$h4p1oHS7EelS1DeBx9D8PhXTPVLfKSq6ulWfqkuqC5c=", "last_login": null, "is_superuser": false, "username": "customer06", "first_name": "", "last_name": "", "email": "customer06@example.local", "is_staff": false, "is_active": true, "date_joined": "2025-12-01T22:48:00.026Z", "is_customer": true, "is_blogger": false, "groups": [], "user_permissions": []}}, {"model": "users.customuser", "fields": {"password": "pbkdf2_sha256$600000$Q2I7rGBEzb5PnXsaXudmBo$r+kNTDeGf6mwLvzSLNuxSa0C3B2QydVFzQZ0+iJIF1I=", "last_login": null, "is_superuser": false, "username": "blogger01", "first_name": "", "last_name": "", "email": "blogger01@example.local", "is_staff": false, "is_active": true, "date_joined": "2025-12-01T22:48:01.008Z", "is_customer": true, "is_blogger": true, "groups": [], "user_permissions": []}}, {"model": "users.customuser", "fields": {"password": "pbkdf2_sha256$600000$TbKHpwl18VeBRW6qHKzDV0$LEVHN3NVhJNIOha2O6TOmWtT/fmZ55H5Fwp//5//mRs=", "last_login": null, "is_superuser": false, "username": "blogger02", "first_name": "", "last_name": "", "email": "blogger02@example.local", "is_staff": false, "is_active": true, "date_joined": "2025-12-01T22:48:01.993Z", "is_customer": true, "is_blogger": true, "groups": [], "user_permissions": []}}, {"model": "users.customuser", "fields": {"password": "pbkdf2_sha256$600000$dJvHHiW1vwAuDHa4qxC5fz$pzxz9Q6IcH9Ru3s71+qeYntTxs8TrTVaFhpUmUM5WKc=", "last_login": null, "is_superuser": false, "username": "blogger03", "first_name": "", "last_name": "", "email": "blogger03@example.local", "is_staff": false, "is_active": true, "date_joined": "2025-12-01T22:48:02.975Z", "is_customer": true, "is_blogger": true, "groups": [], "user_permissions": []}}, {"model": "users.customuser", "fields": {"password": "pbkdf2_sha256$600000$UabRoWP5OSNXB8KNdKqHU3$AYODBvAYwFMqD8cEwnPZMwPpmoYTmqcprA4U2PZjwjw=", "last_login": null, "is_superuser": false, "username": "blogger04", "first_name": "", "last_name": "", "email": "blogger04@example.local", "is_staff": false, "is_active": true, "date_joined": "2025-12-01T22:48:03.969Z", "is_customer": true, "is_blogger": true, "groups": [], "user_permissions": []}}, {"model": "users.customuser", "fields": {"password": "pbkdf2_sha256$600000$5hreqiQm1gQHR13HPjonF6$HSzcp5CUSVS99W5YR00wYpV69xLpoxRQlG6SqYEkz6s=", "last_login": null, "is_superuser": false, "username": "blogger05", "first_name": "", "last_name": "", "email": "blogger05@example.local", "is_staff": false, "is_active": true, "date_joined": "2025-12-01T22:48:04.946Z", "is_customer": true, "is_blogger": true, "groups": [], "user_permissions": []}}, {"model": "users.customuser", "fields": {"password": "pbkdf2_sha256$600000$PjwPgFCsQndmoLPMTaXjlP$/dCaJVBzcqaJnCRB/RTqTKT1V9js+Fg8U1VtPWG5QBI=", "last_login": null, "is_superuser": false, "username": "blogger06", "first_name": "", "last_name": "", "email": "blogger06@example.local", "is_staff": false, "is_active": true, "date_joined": "2025-12-01T22:48:05.929Z", "is_customer": true, "is_blogger": true, "groups": [], "user_permissions": []}}, {"model": "users.customuser", "fields": {"password": "pbkdf2_sha256$600000$gYbyzFwjCws9ByuM7wFv7f$zi2HmFx7ELveOqIH6zreh/XwtItQg0FgE4H/Ej+ohvE=", "last_login": null, "is_superuser": false, "username": "guest01", "first_name": "", "last_name": "", "email": "guest01@example.local", "is_staff": false, "is_active": true, "date_joined": "2025-12-01T22:48:06.902Z", "is_customer": true, "is_blogger": false, "groups": [], "user_permissions": []}}, {"model": "users.customuser", "fields": {"password": "pbkdf2_sha256$600000$vPNrnrexDE3m2YaDUF3NYQ$0bx2KhBrpuxrZZd7opajSHnr4YN+WiXCcv7/Q0aQ8jM=", "last_login": null, "is_superuser": false, "username": "guest02", "first_name": "", "last_name": "", "email": "guest02@example.local", "is_staff": false, "is_active": true, "date_joined": "2025-12-01T22:48:07.904Z", "is_customer": true, "is_blogger": false, "groups": [], "user_permissions": []}}, {"model": "users.customuser", "fields": {"password": "pbkdf2_sha256$600000$zLQYhnEpvp3fdo6w4ZDuGZ$Re1Uwz80wYhObelaL7wtcYAzFgZtUXh6gomYSe8RCP0=", "last_login": null, "is_superuser": false, "username": "guest03", "first_name": "", "last_name": "", "email": "guest03@example.local", "is_staff": false, "is_active": true, "date_joined": "2025-12-01T22:48:08.907Z", "is_customer": true, "is_blogger": false, "groups": [], "user_permissions": []}}, {"model": "users.customuser", "fields": {"password": "pbkdf2_sha256$600000$TZ5TL6ldxUyyXN1ANnZYxq$eiErsEuhhfIL8omWYDTF/Hz8fcEKUzg4JR9jIm1a9wY=", "last_login": null, "is_superuser": false, "username": "guest04", "first_name": "", "last_name": "", "email": "guest04@example.local", "is_staff": false, "is_active": true, "date_joined": "2025-12-01T22:48:09.890Z", "is_customer": true, "is_blogger": false, "groups": [], "user_permissions": []}}, {"model": "users.customuser", "fields": {"password": "pbkdf2_sha256$600000$QPDO2kYI9999Z0G7mL7Z8X$7X2SAU+HtlqlgnGoPhk0b8XsGHRAPSwFrgkt1VU6Y0o=", "last_login": null, "is_superuser": false, "username": "guest05", "first_name": "", "last_name": "", "email": "guest05@example.local", "is_staff": false, "is_active": true, "date_joined": "2025-12-01T22:48:10.875Z", "is_customer": true, "is_blogger": false, "groups": [], "user_permissions": []}}, {"model": "users.customuser", "fields": {"password": "pbkdf2_sha256$600000$LFKYMGfNcFT1Qe115fytAs$kh5KYNdQLizzcI5h10zzZjOiaSW4efKVUTfRojXzvHU=", "last_login": null, "is_superuser": false, "username": "guest06", "first_name": "", "last_name": "", "email": "guest06@example.local", "is_staff": false, "is_active": true, "date_joined": "2025-12-01T22:48:11.963Z", "is_customer": true, "is_blogger": false, "groups": [], "user_permissions": []}}, {"model": "users.customuser", "fields": {"password": "pbkdf2_sha256$600000$bmLZAOpQBEcGLAaqzhhK3A$umV2DJwH+LdK1RVDb/fDOCkNP8Kz7KF+W6/leJ/RxBQ=", "last_login": null, "is_superuser": false, "username": "guest07", "first_name": "", "last_name": "", "email": "guest07@example.local", "is_staff": false, "is_active": true, "date_joined": "2025-12-01T22:48:12.973Z", "is_customer": true, "is_blogger": false, "groups": [], "user_permissions": []}}, {"model": "users.customerprofile", "pk": 1, "fields": {"user": ["admin"], "avatar": "image/upload/C:\\Users\\pio_o\\OneDrive\\Documents\\vscode-projects\\Capstone\\DB-scripts\\sysAdmin.jpg", "phone": "000-000-0000", "address": "System Administrator", "date_created": "2025-12-01T23:03:10.681Z", "last_updated": "2025-12-01T23:03:10.681Z"}}, {"model": "users.customerprofile", "pk": 2, "fields": {"user": ["customer01"], "avatar": "image/upload/C:\\Users\\pio_o\\OneDrive\\Documents\\vscode-projects\\Capstone\\DB-scripts\\business.jpg", "phone": "+44 7700 1001", "address": "123 Customer St, Unit 1", "date_created": "2025-12-01T23:03:10.691Z", "last_updated": "2025-12-01T23:03:10.691Z"}}, {"model": "users.customerprofile", "pk": 3, "fields": {"user": ["customer02"], "avatar": "image/upload/C:\\Users\\pio_o\\OneDrive\\Documents\\vscode-projects\\Capstone\\DB-scripts\\business.jpg", "phone": "+44 7700 1002", "address": "123 Customer St, Unit 2", "date_created": "2025-12-01T23:03:10.697Z", "last_updated": "2025-12-01T23:03:10.697Z"}}, {"model": "users.customerprofile", "pk": 4, "fields": {"user": ["customer03"], "avatar": "image/upload/C:\\Users\\pio_o\\OneDrive\\Documents\\vscode-projects\\Capstone\\DB-scripts\\business.jpg", "phone": "+44 7700 1003", "address": "123 Customer St, Unit 3", "date_created": "2025-12-01T23:03:10.706Z", "last_updated": "2025-12-01T23:03:10.706Z"}}, {"model": "users.customerprofile", "pk": 5, "fields": {"user": ["customer04"], "avatar": "image/upload/C:\\Users\\pio_o\\OneDrive\\Documents\\vscode-projects\\Capstone\\DB-scripts\\business.jpg", "phone": "+44 7700 1004", "address": "123 Customer St, Unit 4", "date_created": "2025-12-01T23:03:10.714Z", "last_updated": "2025-12-01T23:03:10.714Z"}}, {"model": "users.customerprofile", "pk": 6, "fields": {"user": ["customer05"], "avatar": "image/upload/C:\\Users\\pio_o\\OneDrive\\Documents\\vscode-projects\\Capstone\\DB-scripts\\business.jpg", "phone": "+44 7700 1005", "address": "123 Customer St, Unit 5", "date_created": "2025-12-01T23:03:10.722Z", "last_updated": "2025-12-01T23:03:10.722Z"}}, {"model": "users.customerprofile", "pk": 7, "fields": {"user": ["customer06"], "avatar": "image/upload/C:\\Users\\pio_o\\OneDrive\\Documents\\vscode-projects\\Capstone\\DB-scripts\\business.jpg", "phone": "+44 7700 1006", "address": "123 Customer St, Unit 6", "date_created": "2025-12-01T23:03:10.730Z", "last_updated": "2025-12-01T23:03:10.731Z"}}, {"model": "users.customerprofile", "pk": 8, "fields": {"user": ["guest01"], "avatar": "image/upload/C:\\Users\\pio_o\\OneDrive\\Documents\\vscode-projects\\Capstone\\DB-scripts\\profile2.jpg", "phone": "+44 7700 2001", "address": "Guest House 1", "date_created": "2025-12-01T23:03:10.849Z", "last_updated": "2025-12-01T23:03:10.849Z"}}, {"model": "users.customerprofile", "pk": 9, "fields": {"user": ["guest02"], "avatar": "image/upload/C:\\Users\\pio_o\\OneDrive\\Documents\\vscode-projects\\Capstone\\DB-scripts\\profile2.jpg", "phone": "+44 7700 2002", "address": "Guest House 2", "date_created": "2025-12-01T23:03:10.853Z", "last_updated": "2025-12-01T23:03:10.853Z"}}, {"model": "users.customerprofile", "pk": 10, "fields": {"user": ["guest03"], "avatar": "image/upload/C:\\Users\\pio_o\\OneDrive\\Documents\\vscode-projects\\Capstone\\DB-scripts\\profile2.jpg", "phone": "+44 7700 2003", "address": "Guest House 3", "date_created": "2025-12-01T23:03:10.863Z", "last_updated": "2025-12-01T23:03:10.863Z"}}, {"model": "users.customerprofile", "pk": 11, "fields": {"user": ["guest04"], "avatar": "image/upload/C:\\Users\\pio_o\\OneDrive\\Documents\\vscode-projects\\Capstone\\DB-scripts\\profile2.jpg", "phone": "+44 7700 2004", "address": "Guest House 4", "date_created": "2025-12-01T23:03:10.870Z", "last_updated": "2025-12-01T23:03:10.870Z"}}, {"model": "users.customerprofile", "pk": 12, "fields": {"user": ["guest05"], "avatar": "image/upload/C:\\Users\\pio_o\\OneDrive\\Documents\\vscode-projects\\Capstone\\DB-scripts\\profile2.jpg", "phone": "+44 7700 2005", "address": "Guest House 5", "date_created": "2025-12-01T23:03:10.876Z", "last_updated": "2025-12-01T23:03:10.876Z"}}, {"model": "users.customerprofile", "pk": 13, "fields": {"user": ["guest06"], "avatar": "image/upload/C:\\Users\\pio_o\\OneDrive\\Documents\\vscode-projects\\Capstone\\DB-scripts\\profile2.jpg", "phone": "+44 7700 2006", "address": "Guest House 6", "date_created": "2025-12-01T23:03:10.883Z", "last_updated": "2025-12-01T23:03:10.883Z"}}, {"model": "users.customerprofile", "pk": 14, "fields": {"user": ["guest07"], "avatar": "image/upload/C:\\Users\\pio_o\\OneDrive\\Documents\\vscode-projects\\Capstone\\DB-scripts\\profile2.jpg", "phone": "+44 7700 2007", "address": "Guest House 7", "date_created": "2025-12-01T23:03:10.892Z", "last_updated": "2025-12-01T23:03:10.892Z"}}, {"model": "users.bloggerprofile", "pk": 1, "fields": {"user": ["blogger01"], "about": "I am blogger01, writing about gardening and outdoor spaces.", "avatar": "image/upload/C:\\Users\\pio_o\\OneDrive\\Documents\\vscode-projects\\Capstone\\DB-scripts\\trippy.jpg", "date_created": "2025-12-01T23:03:10.778Z", "last_updated": "2025-12-01T23:03:10.778Z"}}, {"model": "users.bloggerprofile", "pk": 2, "fields": {"user": ["blogger02"], "about": "I am blogger02, writing about gardening and outdoor spaces.", "avatar": "image/upload/C:\\Users\\pio_o\\OneDrive\\Documents\\vscode-projects\\Capstone\\DB-scripts\\trippy.jpg", "date_created": "2025-12-01T23:03:10.796Z", "last_updated": "2025-12-01T23:03:10.796Z"}}, {"model": "users.bloggerprofile", "pk": 3, "fields": {"user": ["blogger03"], "about": "I am blogger03, writing about gardening and outdoor spaces.", "avatar": "image/upload/C:\\Users\\pio_o\\OneDrive\\Documents\\vscode-projects\\Capstone\\DB-scripts\\trippy.jpg", "date_created": "2025-12-01T23:03:10.807Z", "last_updated": "2025-12-01T23:03:10.807Z"}}, {"model": "users.bloggerprofile", "pk": 4, "fields": {"user": ["blogger04"], "about": "I am blogger04, writing about gardening and outdoor spaces.", "avatar": "image/upload/C:\\Users\\pio_o\\OneDrive\\Documents\\vscode-projects\\Capstone\\DB-scripts\\trippy.jpg", "date_created": "2025-12-01T23:03:10.821Z", "last_updated": "2025-12-01T23:03:10.821Z"}}, {"model": "users.bloggerprofile", "pk": 5, "fields": {"user": ["blogger05"], "about": "I am blogger05, writing about gardening and outdoor spaces.", "avatar": "image/upload/C:\\Users\\pio_o\\OneDrive\\Documents\\vscode-projects\\Capstone\\DB-scripts\\trippy.jpg", "date_created": "2025-12-01T23:03:10.832Z", "last_updated": "2025-12-01T23:03:10.832Z"}}, {"model": "users.bloggerprofile", "pk": 6, "fields": {"user": ["blogger06"], "about": "I am blogger06, writing about gardening and outdoor spaces.", "avatar": "image/upload/C:\\Users\\pio_o\\OneDrive\\Documents\\vscode-projects\\Capstone\\DB-scripts\\trippy.jpg", "date_created": "2025-12-01T23:03:10.842Z", "last_updated": "2025-12-01T23:03:10.842Z"}}, {"model": "blog.post", "pk": 1, "fields": {"author": ["admin"], "title": "Quick Lawn Care Tips", "content": "Short tips for keeping your lawn healthy.\n\nThis is sample content created for development.", "slug": "quick-lawn-care-tips", "featured_image": "image/upload/placeholder", "excerpt": "Short tips for keeping your lawn healthy.", "status": "published", "created_on": "2025-12-01T13:11:23.064Z", "updated_on": "2025-12-01T13:11:23.065Z"}}, {"model": "blog.post", "pk": 2, "fields": {"author": ["admin"], "title": "Hedge Trimming Guide", "content": "When and how to trim your hedges for best results.\n\nThis is sample content created for development.", "slug": "hedge-trimming-guide", "featured_image": "image/upload/placeholder", "excerpt": "When and how to trim your hedges for best results.", "status": "published", "created_on": "2025-12-01T13:11:23.074Z", "updated_on": "2025-12-01T13:11:23.074Z"}}, {"model": "blog.post", "pk": 3, "fields": {"author": ["admin"], "title": "Scarifying & Aeration", "content": "Why scarifying and aeration matter for lawn health.\n\nThis is sample content created for development.", "slug": "scarifying-aeration", "featured_image": "image/upload/placeholder", "excerpt": "Why scarifying and aeration matter for lawn health.", "status": "published", "created_on": "2025-12-01T13:11:23.081Z", "updated_on": "2025-12-01T13:11:23.081Z"}}, {"model": "blog.post", "pk": 4, "fields": {"author": ["user_blogger_06"], "title": "How to Start a Simple Vegetable Garden", "content": "Starting a vegetable garden is one of the most rewarding activities you can undertake, whether you have a large backyard or just a small patio space. The key to success lies in planning, preparation, and patience. Here's how to get started on your gardening journey.\n\nFirst, choose the right location. Most vegetables need at least six to eight hours of direct sunlight daily. Observe your space throughout the day to find the sunniest spot. If you're working with limited space, consider container gardening or vertical growing systems. Even a few pots on a balcony can yield fresh produce.\n\nNext, prepare your soil properly. Good soil is the foundation of a successful garden. Test your soil's pH level—most vegetables prefer a pH between 6.0 and 7.0. If your soil is heavy clay or sandy, amend it with organic matter like compost or well-rotted manure. This improves drainage, adds nutrients, and creates a better environment for root development.\n\nStart small with easy-to-grow vegetables. Beginners often have great success with lettuce, radishes, carrots, and green beans. These crops are forgiving and provide quick results, which helps maintain motivation. Tomatoes, peppers, and cucumbers are also excellent choices once you gain confidence.\n\nWhen planting, follow the spacing guidelines on seed packets. Overcrowding leads to competition for nutrients and increased disease risk. Water deeply but less frequently to encourage strong root systems. A good rule is to water when the top inch of soil feels dry, typically every two to three days depending on weather conditions.\n\nMulching around your plants helps retain moisture, suppress weeds, and regulate soil temperature. Use organic mulches like straw, grass clippings, or shredded leaves. Regular weeding prevents competition for resources and keeps your garden looking tidy.\n\nRemember, gardening is a learning process. Don't be discouraged by setbacks—they're opportunities to learn. Keep a garden journal to track what works and what doesn't. With time and experience, you'll develop your own gardening style and enjoy the fresh, homegrown vegetables that make all the effort worthwhile.\n\nFertilize naturally using organic matter like compost or manure.\n\nPrune regularly to encourage healthy growth and flowering.\n\nMonitor for pests early to prevent infestations.\n\nFertilize naturally using organic matter like compost or manure.\n\nPrune regularly to encourage healthy growth and flowering.\n\nUse mulch to retain soil moisture and prevent weeds.\n\nFertilize naturally using organic matter like compost or manure.\n\nFertilize naturally using organic matter like compost or manure.\n\nComposting kitchen waste is a great way to enrich your soil.\n\nFertilize naturally using organic matter like compost or manure.\n\nComposting kitchen waste is a great way to enrich your soil.", "slug": "how-to-start-a-simple-vegetable-garden", "featured_image": "image/upload/placeholder", "excerpt": "Starting a vegetable garden is one of the most rewarding activities you can undertake, whether you have a large backyard or just a small patio space. The key to success lies in planning, preparation, and patience. Here's how to get", "status": "published", "created_on": "2025-12-01T23:12:16.888Z", "updated_on": "2025-12-01T23:12:16.888Z"}}, {"model": "blog.post", "pk": 5, "fields": {"author": ["user_blogger_07"], "title": "The Secret to Perfect Tomato Plants", "content": "Growing perfect tomatoes is the dream of every gardener, and while there's no single magic formula, several key practices can dramatically improve your success rate. The secret lies in understanding what tomatoes truly need and providing consistent care throughout their growing season.\n\nThe foundation of perfect tomatoes starts with excellent soil preparation. Tomatoes are heavy feeders, so enrich your soil with plenty of organic matter before planting. Mix in well-rotted compost or aged manure to provide essential nutrients. The soil should be loose, well-draining, and have a pH between 6.2 and 6.8. A soil test can help you determine if you need to adjust pH levels.\n\nPlanting depth is crucial for tomatoes. Unlike most vegetables, tomatoes can be planted deeply—bury two-thirds of the stem underground. This encourages additional root development along the buried stem, creating a stronger, more stable plant that can access more nutrients and water.\n\nConsistent watering is perhaps the most critical factor. Tomatoes need about one to two inches of water per week, but the key is consistency. Irregular watering causes problems like blossom end rot and fruit splitting. Water deeply at the base of the plant early in the morning, avoiding the leaves to prevent disease. Mulching with straw or compost helps maintain even soil moisture.\n\nProper support is essential. Whether you use stakes, cages, or trellises, providing support keeps fruits off the ground, improves air circulation, and makes harvesting easier. Install supports when planting to avoid damaging roots later.\n\nPruning indeterminate varieties (those that grow continuously) improves air circulation and directs energy to fruit production. Remove suckers—the small shoots that grow between the main stem and branches—especially in the lower portion of the plant. However, don't over-prune, as leaves are essential for photosynthesis.\n\nFertilize wisely. Too much nitrogen produces lush foliage but few fruits. Use a balanced fertilizer or one higher in phosphorus and potassium once fruits begin to form. Regular feeding every two to three weeks during the growing season supports healthy production.\n\nFinally, choose varieties suited to your climate and growing conditions. Determinate varieties are better for containers and small spaces, while indeterminate varieties provide continuous harvests throughout the season. With these practices, you'll be well on your way to growing the perfect tomatoes that make all your neighbors envious.", "slug": "the-secret-to-perfect-tomato-plants", "featured_image": "image/upload/placeholder", "excerpt": "Growing perfect tomatoes is the dream of every gardener, and while there's no single magic formula, several key practices can dramatically improve your success rate. The secret lies in understanding what tomatoes truly need and providing consistent care throughout their", "status": "published", "created_on": "2025-12-01T23:12:16.944Z", "updated_on": "2025-12-01T23:12:16.944Z"}}, {"model": "blog.post", "pk": 6, "fields": {"author": ["user_blogger_08"], "title": "Beginner’s Guide to Composting at Home", "content": "Choose native plants to attract beneficial insects.\n\nComposting kitchen waste is a great way to enrich your soil.\n\nConsider companion planting to naturally deter pests and enhance growth.\n\nPlan your garden layout to ensure proper sunlight for each plant.\n\nPrune regularly to encourage healthy growth and flowering.\n\nRemember to water plants deeply but infrequently to encourage root growth.\n\nComposting kitchen waste is a great way to enrich your soil.\n\nRotate crops annually to maintain healthy soil.\n\nConsider companion planting to naturally deter pests and enhance growth.\n\nRemember to water plants deeply but infrequently to encourage root growth.\n\nRemember to water plants deeply but infrequently to encourage root growth.\n\nRemember to water plants deeply but infrequently to encourage root growth.\n\nRotate crops annually to maintain healthy soil.\n\nFertilize naturally using organic matter like compost or manure.\n\nComposting kitchen waste is a great way to enrich your soil.\n\nPrune regularly to encourage healthy growth and flowering.\n\nMonitor for pests early to prevent infestations.\n\nUse mulch to retain soil moisture and prevent weeds.\n\nUse mulch to retain soil moisture and prevent weeds.\n\nConsider companion planting to naturally deter pests and enhance growth.\n\nConsider companion planting to naturally deter pests and enhance growth.\n\nPlan your garden layout to ensure proper sunlight for each plant.\n\nRotate crops annually to maintain healthy soil.\n\nFertilize naturally using organic matter like compost or manure.\n\nRotate crops annually to maintain healthy soil.\n\nChoose native plants to attract beneficial insects.\n\nPlan your garden layout to ensure proper sunlight for each plant.\n\nChoose native plants to attract beneficial insects.\n\nRotate crops annually to maintain healthy soil.\n\nChoose native plants to attract beneficial insects.\n\nUse mulch to retain soil moisture and prevent weeds.\n\nUse mulch to retain soil moisture and prevent weeds.\n\nRotate crops annually to maintain healthy soil.\n\nConsider companion planting to naturally deter pests and enhance growth.\n\nConsider companion planting to naturally deter pests and enhance growth.\n\nChoose native plants to attract beneficial insects.\n\nPlan your garden layout to ensure proper sunlight for each plant.\n\nUse mulch to retain soil moisture and prevent weeds.\n\nPlan your garden layout to ensure proper sunlight for each plant.\n\nChoose native plants to attract beneficial insects.\n\nRemember to water plants deeply but infrequently to encourage root growth.\n\nUse mulch to retain soil moisture and prevent weeds.", "slug": "beginners-guide-to-composting-at-home", "featured_image": "image/upload/placeholder", "excerpt": "Choose native plants to attract beneficial insects. Composting kitchen waste is a great way to enrich your soil. Consider companion planting to naturally deter pests and enhance growth. Plan your garden layout to ensure proper sunlight for each plant. Prune", "status": "published", "created_on": "2025-12-01T23:12:16.991Z", "updated_on": "2025-12-01T23:12:16.991Z"}}, {"model": "blog.post", "pk": 7, "fields": {"author": ["user_blogger_09"], "title": "10 Low-Maintenance Plants for Busy Gardeners", "content": "Composting kitchen waste is a great way to enrich your soil.\n\nComposting kitchen waste is a great way to enrich your soil.\n\nPrune regularly to encourage healthy growth and flowering.\n\nMonitor for pests early to prevent infestations.\n\nFertilize naturally using organic matter like compost or manure.\n\nRotate crops annually to maintain healthy soil.\n\nPrune regularly to encourage healthy growth and flowering.\n\nConsider companion planting to naturally deter pests and enhance growth.\n\nPlan your garden layout to ensure proper sunlight for each plant.\n\nPlan your garden layout to ensure proper sunlight for each plant.\n\nPlan your garden layout to ensure proper sunlight for each plant.\n\nPrune regularly to encourage healthy growth and flowering.\n\nPlan your garden layout to ensure proper sunlight for each plant.\n\nComposting kitchen waste is a great way to enrich your soil.\n\nPrune regularly to encourage healthy growth and flowering.\n\nComposting kitchen waste is a great way to enrich your soil.\n\nFertilize naturally using organic matter like compost or manure.\n\nPrune regularly to encourage healthy growth and flowering.\n\nRemember to water plants deeply but infrequently to encourage root growth.\n\nFertilize naturally using organic matter like compost or manure.\n\nFertilize naturally using organic matter like compost or manure.\n\nChoose native plants to attract beneficial insects.\n\nPrune regularly to encourage healthy growth and flowering.\n\nPlan your garden layout to ensure proper sunlight for each plant.\n\nComposting kitchen waste is a great way to enrich your soil.\n\nChoose native plants to attract beneficial insects.\n\nPlan your garden layout to ensure proper sunlight for each plant.\n\nConsider companion planting to naturally deter pests and enhance growth.\n\nPlan your garden layout to ensure proper sunlight for each plant.\n\nRemember to water plants deeply but infrequently to encourage root growth.\n\nConsider companion planting to naturally deter pests and enhance growth.\n\nPrune regularly to encourage healthy growth and flowering.\n\nFertilize naturally using organic matter like compost or manure.\n\nUse mulch to retain soil moisture and prevent weeds.\n\nFertilize naturally using organic matter like compost or manure.\n\nUse mulch to retain soil moisture and prevent weeds.\n\nPlan your garden layout to ensure proper sunlight for each plant.\n\nUse mulch to retain soil moisture and prevent weeds.\n\nRotate crops annually to maintain healthy soil.\n\nUse mulch to retain soil moisture and prevent weeds.\n\nChoose native plants to attract beneficial insects.\n\nMonitor for pests early to prevent infestations.\n\nComposting kitchen waste is a great way to enrich your soil.\n\nChoose native plants to attract beneficial insects.\n\nComposting kitchen waste is a great way to enrich your soil.", "slug": "10-low-maintenance-plants-for-busy-gardeners", "featured_image": "image/upload/placeholder", "excerpt": "Composting kitchen waste is a great way to enrich your soil. Composting kitchen waste is a great way to enrich your soil. Prune regularly to encourage healthy growth and flowering. Monitor for pests early to prevent infestations. Fertilize naturally using", "status": "published", "created_on": "2025-12-01T23:12:17.051Z", "updated_on": "2025-12-01T23:12:17.051Z"}}, {"model": "blog.post", "pk": 8, "fields": {"author": ["user_blogger_10"], "title": "How to Improve Soil Quality Naturally", "content": "Plan your garden layout to ensure proper sunlight for each plant.\n\nFertilize naturally using organic matter like compost or manure.\n\nRotate crops annually to maintain healthy soil.\n\nComposting kitchen waste is a great way to enrich your soil.\n\nFertilize naturally using organic matter like compost or manure.\n\nFertilize naturally using organic matter like compost or manure.\n\nRotate crops annually to maintain healthy soil.\n\nConsider companion planting to naturally deter pests and enhance growth.\n\nRotate crops annually to maintain healthy soil.\n\nRotate crops annually to maintain healthy soil.\n\nComposting kitchen waste is a great way to enrich your soil.\n\nPrune regularly to encourage healthy growth and flowering.\n\nPrune regularly to encourage healthy growth and flowering.\n\nUse mulch to retain soil moisture and prevent weeds.\n\nRotate crops annually to maintain healthy soil.\n\nPrune regularly to encourage healthy growth and flowering.\n\nRemember to water plants deeply but infrequently to encourage root growth.\n\nChoose native plants to attract beneficial insects.\n\nConsider companion planting to naturally deter pests and enhance growth.\n\nConsider companion planting to naturally deter pests and enhance growth.\n\nMonitor for pests early to prevent infestations.\n\nFertilize naturally using organic matter like compost or manure.\n\nComposting kitchen waste is a great way to enrich your soil.\n\nUse mulch to retain soil moisture and prevent weeds.\n\nRotate crops annually to maintain healthy soil.\n\nConsider companion planting to naturally deter pests and enhance growth.\n\nRemember to water plants deeply but infrequently to encourage root growth.\n\nFertilize naturally using organic matter like compost or manure.\n\nRemember to water plants deeply but infrequently to encourage root growth.\n\nConsider companion planting to naturally deter pests and enhance growth.\n\nRotate crops annually to maintain healthy soil.\n\nPrune regularly to encourage healthy growth and flowering.\n\nPlan your garden layout to ensure proper sunlight for each plant.\n\nMonitor for pests early to prevent infestations.\n\nUse mulch to retain soil moisture and prevent weeds.\n\nRotate crops annually to maintain healthy soil.\n\nRemember to water plants deeply but infrequently to encourage root growth.\n\nChoose native plants to attract beneficial insects.\n\nPrune regularly to encourage healthy growth and flowering.\n\nPlan your garden layout to ensure proper sunlight for each plant.\n\nConsider companion planting to naturally deter pests and enhance growth.\n\nConsider companion planting to naturally deter pests and enhance growth.\n\nRemember to water plants deeply but infrequently to encourage root growth.\n\nUse mulch to retain soil moisture and prevent weeds.", "slug": "how-to-improve-soil-quality-naturally", "featured_image": "image/upload/placeholder", "excerpt": "Plan your garden layout to ensure proper sunlight for each plant. Fertilize naturally using organic matter like compost or manure. Rotate crops annually to maintain healthy soil. Composting kitchen waste is a great way to enrich your soil. Fertilize naturally", "status": "published", "created_on": "2025-12-01T23:12:17.099Z", "updated_on": "2025-12-01T23:12:17.099Z"}}, {"model": "blog.post", "pk": 9, "fields": {"author": ["user_blogger_19"], "title": "Best Spring Planting Tips for Irish Gardens", "content": "Prune regularly to encourage healthy growth and flowering. Rotate crops annually to maintain healthy soil. Monitor for pests early to prevent infestations. Rotate crops annually to maintain healthy soil. Plan your garden layout to ensure proper sunlight for each plant. Prune regularly to encourage healthy growth and flowering. Plan your garden layout to ensure proper sunlight for each plant. Composting kitchen waste is a great way to enrich your soil. Rotate crops annually to maintain healthy soil. Choose native plants to attract beneficial insects. Plan your garden layout to ensure proper sunlight for each plant. Use mulch to retain soil moisture and prevent weeds. Use mulch to retain soil moisture and prevent weeds. Plan your garden layout to ensure proper sunlight for each plant. Remember to water plants deeply but infrequently to encourage root growth. Choose native plants to attract beneficial insects. Fertilize naturally using organic matter like compost or manure. Choose native plants to attract beneficial insects. Consider companion planting to naturally deter pests and enhance growth. Fertilize naturally using organic matter like compost or manure. Consider companion planting to naturally deter pests and enhance growth. Remember to water plants deeply but infrequently to encourage root growth. Plan your garden layout to ensure proper sunlight for each plant. Choose native plants to attract beneficial insects. Rotate crops annually to maintain healthy soil. Consider companion planting to naturally deter pests and enhance growth. Use mulch to retain soil moisture and prevent weeds. Plan your garden layout to ensure proper sunlight for each plant. Monitor for pests early to prevent infestations. Monitor for pests early to prevent infestations. Rotate crops annually to maintain healthy soil. Monitor for pests early to prevent infestations. Choose native plants to attract beneficial insects. Remember to water plants deeply but infrequently to encourage root growth. Consider companion planting to naturally deter pests and enhance growth. Fertilize naturally using organic matter like compost or manure. Prune regularly to encourage healthy growth and flowering. Remember to water plants deeply but infrequently to encourage root growth. Choose native plants to attract beneficial insects. Remember to water plants deeply but infrequently to encourage root growth. Use mulch to retain soil moisture and prevent weeds. Monitor for pests early to prevent infestations. Remember to water plants deeply but infrequently to encourage root growth. Monitor for pests early to prevent infestations. Rotate crops annually to maintain healthy soil. Composting kitchen waste is a great way to enrich your soil. Remember to water plants deeply but infrequently to encourage root growth. Plan your garden layout to ensure proper sunlight for each plant. Remember to water plants deeply but infrequently to encourage root growth. Consider companion planting to naturally deter pests and enhance growth. Monitor for pests early to prevent infestations. Remember to water plants deeply but infrequently to encourage root growth. Use mulch to retain soil moisture and prevent weeds. Remember to water plants deeply but infrequently to encourage root growth. Monitor for pests early to prevent infestations. Consider companion planting to naturally", "slug": "best-spring-planting-tips-for-irish-gardens", "featured_image": "image/upload/placeholder", "excerpt": "Prune regularly to encourage healthy growth and flowering. Rotate crops annually to maintain healthy soil. Monitor for pests early to prevent infestations. Rotate crops annually to maintain healthy soil. Plan your garden layout to ensure proper sunlight for each plant.", "status": "published", "created_on": "2025-12-01T23:12:17.156Z", "updated_on": "2025-12-01T23:12:17.156Z"}}, {"model": "blog.post", "pk": 10, "fields": {"author": ["blogger01"], "title": "Common Gardening Mistakes and How to Fix Them", "content": "Composting kitchen waste is a great way to enrich your soil.\n\nFertilize naturally using organic matter like compost or manure.\n\nChoose native plants to attract beneficial insects.\n\nRotate crops annually to maintain healthy soil.\n\nPrune regularly to encourage healthy growth and flowering.\n\nFertilize naturally using organic matter like compost or manure.\n\nComposting kitchen waste is a great way to enrich your soil.\n\nFertilize naturally using organic matter like compost or manure.\n\nConsider companion planting to naturally deter pests and enhance growth.\n\nPlan your garden layout to ensure proper sunlight for each plant.\n\nPlan your garden layout to ensure proper sunlight for each plant.\n\nPlan your garden layout to ensure proper sunlight for each plant.\n\nFertilize naturally using organic matter like compost or manure.\n\nRemember to water plants deeply but infrequently to encourage root growth.\n\nUse mulch to retain soil moisture and prevent weeds.\n\nPlan your garden layout to ensure proper sunlight for each plant.\n\nMonitor for pests early to prevent infestations.\n\nComposting kitchen waste is a great way to enrich your soil.\n\nRotate crops annually to maintain healthy soil.\n\nRemember to water plants deeply but infrequently to encourage root growth.\n\nChoose native plants to attract beneficial insects.\n\nPrune regularly to encourage healthy growth and flowering.\n\nPrune regularly to encourage healthy growth and flowering.\n\nPrune regularly to encourage healthy growth and flowering.\n\nMonitor for pests early to prevent infestations.\n\nPrune regularly to encourage healthy growth and flowering.\n\nRotate crops annually to maintain healthy soil.\n\nPlan your garden layout to ensure proper sunlight for each plant.\n\nMonitor for pests early to prevent infestations.\n\nRotate crops annually to maintain healthy soil.\n\nRemember to water plants deeply but infrequently to encourage root growth.\n\nFertilize naturally using organic matter like compost or manure.\n\nComposting kitchen waste is a great way to enrich your soil.\n\nMonitor for pests early to prevent infestations.\n\nConsider companion planting to naturally deter pests and enhance growth.\n\nMonitor for pests early to prevent infestations.\n\nPlan your garden layout to ensure proper sunlight for each plant.\n\nChoose native plants to attract beneficial insects.\n\nMonitor for pests early to prevent infestations.", "slug": "common-gardening-mistakes-and-how-to-fix-them", "featured_image": "image/upload/placeholder", "excerpt": "Composting kitchen waste is a great way to enrich your soil. Fertilize naturally using organic matter like compost or manure. Choose native plants to attract beneficial insects. Rotate crops annually to maintain healthy soil. Prune regularly to encourage healthy growth", "status": "published", "created_on": "2025-12-01T23:12:17.206Z", "updated_on": "2025-12-01T23:12:17.206Z"}}, {"model": "blog.post", "pk": 11, "fields": {"author": ["blogger02"], "title": "A Complete Guide to Raised Beds", "content": "Rotate crops annually to maintain healthy soil. Prune regularly to encourage healthy growth and flowering. Prune regularly to encourage healthy growth and flowering. Use mulch to retain soil moisture and prevent weeds. Prune regularly to encourage healthy growth and flowering. Rotate crops annually to maintain healthy soil. Plan your garden layout to ensure proper sunlight for each plant. Prune regularly to encourage healthy growth and flowering. Consider companion planting to naturally deter pests and enhance growth. Fertilize naturally using organic matter like compost or manure. Plan your garden layout to ensure proper sunlight for each plant. Remember to water plants deeply but infrequently to encourage root growth. Fertilize naturally using organic matter like compost or manure. Rotate crops annually to maintain healthy soil. Remember to water plants deeply but infrequently to encourage root growth. Monitor for pests early to prevent infestations. Consider companion planting to naturally deter pests and enhance growth. Use mulch to retain soil moisture and prevent weeds. Remember to water plants deeply but infrequently to encourage root growth. Use mulch to retain soil moisture and prevent weeds. Remember to water plants deeply but infrequently to encourage root growth. Use mulch to retain soil moisture and prevent weeds. Plan your garden layout to ensure proper sunlight for each plant. Composting kitchen waste is a great way to enrich your soil. Prune regularly to encourage healthy growth and flowering. Rotate crops annually to maintain healthy soil. Use mulch to retain soil moisture and prevent weeds. Consider companion planting to naturally deter pests and enhance growth. Prune regularly to encourage healthy growth and flowering. Remember to water plants deeply but infrequently to encourage root growth. Remember to water plants deeply but infrequently to encourage root growth. Consider companion planting to naturally deter pests and enhance growth. Use mulch to retain soil moisture and prevent weeds. Plan your garden layout to ensure proper sunlight for each plant. Rotate crops annually to maintain healthy soil. Plan your garden layout to ensure proper sunlight for each plant. Prune regularly to encourage healthy growth and flowering. Fertilize naturally using organic matter like compost or manure. Prune regularly to encourage healthy growth and flowering. Consider companion planting to naturally deter pests and enhance growth. Prune regularly to encourage healthy growth and flowering. Remember to water plants deeply but infrequently to encourage root growth. Prune regularly to encourage healthy growth and flowering. Monitor for pests early to prevent infestations. Prune regularly to encourage healthy growth and flowering. Rotate crops annually to maintain healthy soil. Monitor for pests early to prevent infestations. Rotate crops annually to maintain healthy soil. Consider companion planting to naturally deter pests and enhance growth. Plan your garden layout to ensure proper sunlight for each plant. Monitor for pests early to prevent infestations. Remember to water plants deeply but infrequently to encourage root growth. Choose native plants to attract beneficial insects. Monitor for pests early to prevent infestations. Rotate crops annually to maintain healthy soil. Use mulch to retain soil moisture and prevent", "slug": "a-complete-guide-to-raised-beds", "featured_image": "image/upload/placeholder", "excerpt": "Rotate crops annually to maintain healthy soil. Prune regularly to encourage healthy growth and flowering. Prune regularly to encourage healthy growth and flowering. Use mulch to retain soil moisture and prevent weeds. Prune regularly to encourage healthy growth and flowering.", "status": "published", "created_on": "2025-12-01T23:12:17.267Z", "updated_on": "2025-12-01T23:12:17.267Z"}}, {"model": "blog.post", "pk": 12, "fields": {"author": ["blogger03"], "title": "How to Grow Herbs Indoors All Year", "content": "Use mulch to retain soil moisture and prevent weeds.\n\nMonitor for pests early to prevent infestations.\n\nConsider companion planting to naturally deter pests and enhance growth.\n\nFertilize naturally using organic matter like compost or manure.\n\nMonitor for pests early to prevent infestations.\n\nMonitor for pests early to prevent infestations.\n\nFertilize naturally using organic matter like compost or manure.\n\nComposting kitchen waste is a great way to enrich your soil.\n\nRemember to water plants deeply but infrequently to encourage root growth.\n\nRotate crops annually to maintain healthy soil.\n\nPlan your garden layout to ensure proper sunlight for each plant.\n\nChoose native plants to attract beneficial insects.\n\nComposting kitchen waste is a great way to enrich your soil.\n\nComposting kitchen waste is a great way to enrich your soil.\n\nChoose native plants to attract beneficial insects.\n\nMonitor for pests early to prevent infestations.\n\nPlan your garden layout to ensure proper sunlight for each plant.\n\nPlan your garden layout to ensure proper sunlight for each plant.\n\nMonitor for pests early to prevent infestations.\n\nConsider companion planting to naturally deter pests and enhance growth.\n\nPlan your garden layout to ensure proper sunlight for each plant.\n\nConsider companion planting to naturally deter pests and enhance growth.\n\nMonitor for pests early to prevent infestations.\n\nMonitor for pests early to prevent infestations.\n\nFertilize naturally using organic matter like compost or manure.\n\nUse mulch to retain soil moisture and prevent weeds.\n\nFertilize naturally using organic matter like compost or manure.\n\nFertilize naturally using organic matter like compost or manure.\n\nPlan your garden layout to ensure proper sunlight for each plant.\n\nMonitor for pests early to prevent infestations.\n\nUse mulch to retain soil moisture and prevent weeds.\n\nConsider companion planting to naturally deter pests and enhance growth.\n\nComposting kitchen waste is a great way to enrich your soil.\n\nPrune regularly to encourage healthy growth and flowering.\n\nRemember to water plants deeply but infrequently to encourage root growth.\n\nChoose native plants to attract beneficial insects.\n\nMonitor for pests early to prevent infestations.\n\nMonitor for pests early to prevent infestations.\n\nRotate crops annually to maintain healthy soil.\n\nFertilize naturally using organic matter like compost or manure.\n\nComposting kitchen waste is a great way to enrich your soil.\n\nFertilize naturally using organic matter like compost or manure.\n\nComposting kitchen waste is a great way to enrich your soil.\n\nFertilize naturally using organic matter like compost or manure.\n\nPlan your garden layout to ensure proper sunlight for each plant.\n\nMonitor for pests early to prevent infestations.\n\nRotate crops annually to maintain healthy soil.\n\nRemember to water plants deeply but infrequently to encourage root growth.\n\nUse mulch to retain soil moisture and prevent weeds.\n\nConsider companion planting to naturally deter pests and enhance growth.\n\nRotate crops annually to maintain healthy soil.\n\nUse mulch to retain soil moisture and prevent weeds.\n\nMonitor for pests early to prevent infestations.\n\nRemember to water plants deeply but infrequently to encourage root growth.", "slug": "how-to-grow-herbs-indoors-all-year", "featured_image": "image/upload/placeholder", "excerpt": "Use mulch to retain soil moisture and prevent weeds. Monitor for pests early to prevent infestations. Consider companion planting to naturally deter pests and enhance growth. Fertilize naturally using organic matter like compost or manure. Monitor for pests early to", "status": "published", "created_on": "2025-12-01T23:12:17.323Z", "updated_on": "2025-12-01T23:12:17.323Z"}}, {"model": "blog.post", "pk": 13, "fields": {"author": ["blogger04"], "title": "Organic Pest Control That Really Works", "content": "Fertilize naturally using organic matter like compost or manure.\n\nUse mulch to retain soil moisture and prevent weeds.\n\nMonitor for pests early to prevent infestations.\n\nRotate crops annually to maintain healthy soil.\n\nPlan your garden layout to ensure proper sunlight for each plant.\n\nMonitor for pests early to prevent infestations.\n\nUse mulch to retain soil moisture and prevent weeds.\n\nConsider companion planting to naturally deter pests and enhance growth.\n\nRotate crops annually to maintain healthy soil.\n\nConsider companion planting to naturally deter pests and enhance growth.\n\nChoose native plants to attract beneficial insects.\n\nPlan your garden layout to ensure proper sunlight for each plant.\n\nPlan your garden layout to ensure proper sunlight for each plant.\n\nRemember to water plants deeply but infrequently to encourage root growth.\n\nUse mulch to retain soil moisture and prevent weeds.\n\nPlan your garden layout to ensure proper sunlight for each plant.\n\nRotate crops annually to maintain healthy soil.\n\nUse mulch to retain soil moisture and prevent weeds.\n\nConsider companion planting to naturally deter pests and enhance growth.\n\nChoose native plants to attract beneficial insects.\n\nPrune regularly to encourage healthy growth and flowering.\n\nUse mulch to retain soil moisture and prevent weeds.\n\nRotate crops annually to maintain healthy soil.\n\nConsider companion planting to naturally deter pests and enhance growth.\n\nFertilize naturally using organic matter like compost or manure.\n\nPrune regularly to encourage healthy growth and flowering.\n\nFertilize naturally using organic matter like compost or manure.\n\nRotate crops annually to maintain healthy soil.\n\nPrune regularly to encourage healthy growth and flowering.\n\nComposting kitchen waste is a great way to enrich your soil.\n\nRemember to water plants deeply but infrequently to encourage root growth.\n\nMonitor for pests early to prevent infestations.\n\nUse mulch to retain soil moisture and prevent weeds.\n\nMonitor for pests early to prevent infestations.\n\nRotate crops annually to maintain healthy soil.\n\nMonitor for pests early to prevent infestations.\n\nRemember to water plants deeply but infrequently to encourage root growth.\n\nChoose native plants to attract beneficial insects.\n\nPlan your garden layout to ensure proper sunlight for each plant.\n\nChoose native plants to attract beneficial insects.\n\nFertilize naturally using organic matter like compost or manure.\n\nPrune regularly to encourage healthy growth and flowering.\n\nPlan your garden layout to ensure proper sunlight for each plant.\n\nChoose native plants to attract beneficial insects.\n\nPrune regularly to encourage healthy growth and flowering.\n\nUse mulch to retain soil moisture and prevent weeds.\n\nPrune regularly to encourage healthy growth and flowering.\n\nRotate crops annually to maintain healthy soil.\n\nUse mulch to retain soil moisture and prevent weeds.\n\nMonitor for pests early to prevent infestations.\n\nChoose native plants to attract beneficial insects.\n\nPrune regularly to encourage healthy growth and flowering.\n\nRotate crops annually to maintain healthy soil.\n\nUse mulch to retain soil moisture and prevent weeds.\n\nConsider companion planting to naturally deter pests and enhance growth.", "slug": "organic-pest-control-that-really-works", "featured_image": "image/upload/placeholder", "excerpt": "Fertilize naturally using organic matter like compost or manure. Use mulch to retain soil moisture and prevent weeds. Monitor for pests early to prevent infestations. Rotate crops annually to maintain healthy soil. Plan your garden layout to ensure proper sunlight", "status": "published", "created_on": "2025-12-01T23:12:17.377Z", "updated_on": "2025-12-01T23:12:17.377Z"}}, {"model": "blog.comment", "pk": 1, "fields": {"post": 1, "author": ["admin"], "name": "admin", "email": "admin@example.com", "content": "Great post — thanks for sharing!", "approved": false, "created_at": "2025-12-01T13:11:23.087Z", "ip_address": null, "session_id": null}}, {"model": "blog.comment", "pk": 2, "fields": {"post": 1, "author": null, "name": "Guest", "email": "guest@example.local", "content": "Nice tips — very helpful.", "approved": false, "created_at": "2025-12-01T13:11:23.095Z", "ip_address": null, "session_id": null}}, {"model": "blog.comment", "pk": 3, "fields": {"post": 2, "author": ["admin"], "name": "admin", "email": "admin@example.com", "content": "Great post — thanks for sharing!", "approved": false, "created_at": "2025-12-01T13:11:23.099Z", "ip_address": null, "session_id": null}}, {"model": "blog.comment", "pk": 4, "fields": {"post": 2, "author": null, "name": "Guest", "email": "guest@example.local", "content": "Nice tips — very helpful.", "approved": false, "created_at": "2025-12-01T13:11:23.106Z", "ip_address": null, "session_id": null}}, {"model": "blog.comment", "pk": 5, "fields": {"post": 3, "author": ["admin"], "name": "admin", "email": "admin@example.com", "content": "Great post — thanks for sharing!", "approved": false, "created_at": "2025-12-01T13:11:23.111Z", "ip_address": null, "session_id": null}}, {"model": "blog.comment", "pk": 6, "fields": {"post": 3, "author": null, "name": "Guest", "email": "guest@example.local", "content": "Nice tips — very helpful.", "approved": false, "created_at": "2025-12-01T13:11:23.117Z", "ip_address": null, "session_id": null}}, {"model": "blog.comment", "pk": 7, "fields": {"post": 4, "author": ["user_admin_16"], "name": "user_admin_16", "email": "user_admin_16@example.com", "content": "This is ideal for the Irish climate, thanks!", "approved": true, "created_at": "2025-12-01T23:12:16.838Z", "ip_address": null, "session_id": null}}, {"model": "blog.comment", "pk": 8, "fields": {"post": 4, "author": ["user_guest_14"], "name": "user_guest_14", "email": "user_guest_14@example.com", "content": "Does this apply to colder regions too?", "approved": true, "created_at": "2025-12-01T23:12:16.838Z", "ip_address": null, "session_id": null}}, {"model": "blog.comment", "pk": 9, "fields": {"post": 4, "author": ["user_customer_17"], "name": "user_customer_17", "email": "user_customer_17@example.com", "content": "Exactly what I needed — thank you!", "approved": true, "created_at": "2025-12-01T23:12:16.838Z", "ip_address": null, "session_id": null}}, {"model": "blog.comment", "pk": 10, "fields": {"post": 4, "author": ["user_blogger_19"], "name": "user_blogger_19", "email": "user_blogger_19@example.com", "content": "I shared this with my gardening group — they loved it.", "approved": false, "created_at": "2025-12-01T23:12:16.838Z", "ip_address": null, "session_id": null}}, {"model": "blog.comment", "pk": 11, "fields": {"post": 4, "author": ["blogger06"], "name": "blogger06", "email": "blogger06@example.local", "content": "How often would you recommend watering like this?", "approved": true, "created_at": "2025-12-01T23:12:16.838Z", "ip_address": null, "session_id": null}}, {"model": "blog.comment", "pk": 12, "fields": {"post": 5, "author": ["admin"], "name": "admin", "email": "admin@example.com", "content": "Off to apologise to my houseplants for everything I’ve done wrong.", "approved": true, "created_at": "2025-12-01T23:12:16.838Z", "ip_address": null, "session_id": null}}, {"model": "blog.comment", "pk": 13, "fields": {"post": 5, "author": ["user_guest_12"], "name": "user_guest_12", "email": "user_guest_12@example.com", "content": "I’ve been watering wrong the whole time… thanks for the correction.", "approved": true, "created_at": "2025-12-01T23:12:16.838Z", "ip_address": null, "session_id": null}}, {"model": "blog.comment", "pk": 14, "fields": {"post": 5, "author": ["guest02"], "name": "guest02", "email": "guest02@example.local", "content": "Your advice has genuinely improved my garden.", "approved": true, "created_at": "2025-12-01T23:12:16.838Z", "ip_address": null, "session_id": null}}, {"model": "blog.comment", "pk": 15, "fields": {"post": 5, "author": ["user_blogger_09"], "name": "user_blogger_09", "email": "user_blogger_09@example.com", "content": "Love this! Your posts are always so informative.", "approved": true, "created_at": "2025-12-01T23:12:16.838Z", "ip_address": null, "session_id": null}}, {"model": "blog.comment", "pk": 16, "fields": {"post": 5, "author": ["blogger06"], "name": "blogger06", "email": "blogger06@example.local", "content": "Used your pruning method today and saw immediate improvement.", "approved": true, "created_at": "2025-12-01T23:12:16.838Z", "ip_address": null, "session_id": null}}, {"model": "blog.comment", "pk": 17, "fields": {"post": 6, "author": ["user_admin_16"], "name": "user_admin_16", "email": "user_admin_16@example.com", "content": "Gardening is addictive — but worth it!", "approved": true, "created_at": "2025-12-01T23:12:16.838Z", "ip_address": null, "session_id": null}}, {"model": "blog.comment", "pk": 18, "fields": {"post": 6, "author": ["user_guest_13"], "name": "user_guest_13", "email": "user_guest_13@example.com", "content": "Exactly what I needed — thank you!", "approved": true, "created_at": "2025-12-01T23:12:16.838Z", "ip_address": null, "session_id": null}}, {"model": "blog.comment", "pk": 19, "fields": {"post": 6, "author": ["guest05"], "name": "guest05", "email": "guest05@example.local", "content": "Your method saved my seedlings after a rough start.", "approved": true, "created_at": "2025-12-01T23:12:16.838Z", "ip_address": null, "session_id": null}}, {"model": "blog.comment", "pk": 20, "fields": {"post": 6, "author": ["blogger06"], "name": "blogger06", "email": "blogger06@example.local", "content": "My tomatoes always split — now I know why!", "approved": true, "created_at": "2025-12-01T23:12:16.838Z", "ip_address": null, "session_id": null}}, {"model": "blog.comment", "pk": 21, "fields": {"post": 6, "author": ["user_blogger_10"], "name": "user_blogger_10", "email": "user_blogger_10@example.com", "content": "Great reminder for the autumn prep.", "approved": true, "created_at": "2025-12-01T23:12:16.838Z", "ip_address": null, "session_id": null}}, {"model": "blog.comment", "pk": 22, "fields": {"post": 7, "author": ["user_admin_16"], "name": "user_admin_16", "email": "user_admin_16@example.com", "content": "Our summer heat has been brutal; this helps a lot.", "approved": false, "created_at": "2025-12-01T23:12:16.838Z", "ip_address": null, "session_id": null}}, {"model": "blog.comment", "pk": 23, "fields": {"post": 7, "author": ["user_guest_13"], "name": "user_guest_13", "email": "user_guest_13@example.com", "content": "Thank you for explaining this without the jargon.", "approved": true, "created_at": "2025-12-01T23:12:16.838Z", "ip_address": null, "session_id": null}}, {"model": "blog.comment", "pk": 24, "fields": {"post": 7, "author": ["customer02"], "name": "customer02", "email": "customer02@example.local", "content": "Gardening is addictive — but worth it!", "approved": false, "created_at": "2025-12-01T23:12:16.838Z", "ip_address": null, "session_id": null}}, {"model": "blog.comment", "pk": 25, "fields": {"post": 7, "author": ["blogger02"], "name": "blogger02", "email": "blogger02@example.local", "content": "Another great read, keep them coming!", "approved": true, "created_at": "2025-12-01T23:12:16.838Z", "ip_address": null, "session_id": null}}, {"model": "blog.comment", "pk": 26, "fields": {"post": 7, "author": ["user_customer_02"], "name": "user_customer_02", "email": "user_customer_02@example.com", "content": "You make gardening feel so approachable.", "approved": false, "created_at": "2025-12-01T23:12:16.838Z", "ip_address": null, "session_id": null}}, {"model": "blog.comment", "pk": 27, "fields": {"post": 8, "author": ["user_admin_16"], "name": "user_admin_16", "email": "user_admin_16@example.com", "content": "Bookmarking this for next season!", "approved": true, "created_at": "2025-12-01T23:12:16.838Z", "ip_address": null, "session_id": null}}, {"model": "blog.comment", "pk": 28, "fields": {"post": 8, "author": ["user_guest_13"], "name": "user_guest_13", "email": "user_guest_13@example.com", "content": "Really well explained. Appreciate the detail.", "approved": true, "created_at": "2025-12-01T23:12:16.838Z", "ip_address": null, "session_id": null}}, {"model": "blog.comment", "pk": 29, "fields": {"post": 8, "author": ["guest01"], "name": "guest01", "email": "guest01@example.local", "content": "Brilliant advice, I’m definitely trying this in my garden.", "approved": true, "created_at": "2025-12-01T23:12:16.838Z", "ip_address": null, "session_id": null}}, {"model": "blog.comment", "pk": 30, "fields": {"post": 8, "author": ["user_blogger_06"], "name": "user_blogger_06", "email": "user_blogger_06@example.com", "content": "Great post — I learned a lot from this!", "approved": true, "created_at": "2025-12-01T23:12:16.838Z", "ip_address": null, "session_id": null}}, {"model": "blog.comment", "pk": 31, "fields": {"post": 8, "author": ["user_guest_11"], "name": "user_guest_11", "email": "user_guest_11@example.com", "content": "I’ve been watering wrong the whole time… thanks for the correction.", "approved": false, "created_at": "2025-12-01T23:12:16.838Z", "ip_address": null, "session_id": null}}, {"model": "blog.comment", "pk": 32, "fields": {"post": 9, "author": ["user_admin_16"], "name": "user_admin_16", "email": "user_admin_16@example.com", "content": "This is ideal for the Irish climate, thanks!", "approved": true, "created_at": "2025-12-01T23:12:16.838Z", "ip_address": null, "session_id": null}}, {"model": "blog.comment", "pk": 33, "fields": {"post": 9, "author": ["user_guest_12"], "name": "user_guest_12", "email": "user_guest_12@example.com", "content": "Reading this made me want to buy MORE plants… dangerous!", "approved": true, "created_at": "2025-12-01T23:12:16.838Z", "ip_address": null, "session_id": null}}, {"model": "blog.comment", "pk": 34, "fields": {"post": 9, "author": ["user_customer_18"], "name": "user_customer_18", "email": "user_customer_18@example.com", "content": "Didn’t know you could propagate it like that. Amazing!", "approved": true, "created_at": "2025-12-01T23:12:16.838Z", "ip_address": null, "session_id": null}}, {"model": "blog.comment", "pk": 35, "fields": {"post": 9, "author": ["blogger04"], "name": "blogger04", "email": "blogger04@example.local", "content": "This fixed the same issue I was having — thank you!", "approved": true, "created_at": "2025-12-01T23:12:16.838Z", "ip_address": null, "session_id": null}}, {"model": "blog.comment", "pk": 36, "fields": {"post": 9, "author": ["user_blogger_07"], "name": "user_blogger_07", "email": "user_blogger_07@example.com", "content": "This really cleared up a lot of questions I had.", "approved": true, "created_at": "2025-12-01T23:12:16.838Z", "ip_address": null, "session_id": null}}, {"model": "blog.comment", "pk": 37, "fields": {"post": 10, "author": ["user_admin_16"], "name": "user_admin_16", "email": "user_admin_16@example.com", "content": "Love this! Your posts are always so informative.", "approved": false, "created_at": "2025-12-01T23:12:16.838Z", "ip_address": null, "session_id": null}}, {"model": "blog.comment", "pk": 38, "fields": {"post": 10, "author": ["user_guest_15"], "name": "user_guest_15", "email": "user_guest_15@example.com", "content": "Your blog is becoming my beginner’s handbook.", "approved": true, "created_at": "2025-12-01T23:12:16.838Z", "ip_address": null, "session_id": null}}, {"model": "blog.comment", "pk": 39, "fields": {"post": 10, "author": ["user_customer_03"], "name": "user_customer_03", "email": "user_customer_03@example.com", "content": "Any alternative for people with limited sunlight?", "approved": true, "created_at": "2025-12-01T23:12:16.838Z", "ip_address": null, "session_id": null}}, {"model": "blog.comment", "pk": 40, "fields": {"post": 10, "author": ["user_blogger_09"], "name": "user_blogger_09", "email": "user_blogger_09@example.com", "content": "Thank you for explaining this without the jargon.", "approved": true, "created_at": "2025-12-01T23:12:16.838Z", "ip_address": null, "session_id": null}}, {"model": "blog.comment", "pk": 41, "fields": {"post": 10, "author": ["blogger03"], "name": "blogger03", "email": "blogger03@example.local", "content": "Bookmarking this for next season!", "approved": true, "created_at": "2025-12-01T23:12:16.838Z", "ip_address": null, "session_id": null}}, {"model": "blog.comment", "pk": 42, "fields": {"post": 11, "author": ["user_admin_16"], "name": "user_admin_16", "email": "user_admin_16@example.com", "content": "Brilliant advice, I’m definitely trying this in my garden.", "approved": true, "created_at": "2025-12-01T23:12:16.838Z", "ip_address": null, "session_id": null}}, {"model": "blog.comment", "pk": 43, "fields": {"post": 11, "author": ["user_guest_14"], "name": "user_guest_14", "email": "user_guest_14@example.com", "content": "I finally feel confident to start my own vegetable bed!", "approved": false, "created_at": "2025-12-01T23:12:16.838Z", "ip_address": null, "session_id": null}}, {"model": "blog.comment", "pk": 44, "fields": {"post": 11, "author": ["admin"], "name": "admin", "email": "admin@example.com", "content": "Our summer heat has been brutal; this helps a lot.", "approved": false, "created_at": "2025-12-01T23:12:16.838Z", "ip_address": null, "session_id": null}}, {"model": "blog.comment", "pk": 45, "fields": {"post": 11, "author": ["user_blogger_09"], "name": "user_blogger_09", "email": "user_blogger_09@example.com", "content": "Thank you for explaining this without the jargon.", "approved": true, "created_at": "2025-12-01T23:12:16.838Z", "ip_address": null, "session_id": null}}, {"model": "blog.comment", "pk": 46, "fields": {"post": 11, "author": ["user_guest_12"], "name": "user_guest_12", "email": "user_guest_12@example.com", "content": "Gardening is addictive — but worth it!", "approved": false, "created_at": "2025-12-01T23:12:16.838Z", "ip_address": null, "session_id": null}}, {"model": "blog.comment", "pk": 47, "fields": {"post": 12, "author": ["admin"], "name": "admin", "email": "admin@example.com", "content": "Gardening is addictive — but worth it!", "approved": false, "created_at": "2025-12-01T23:12:16.838Z", "ip_address": null, "session_id": null}}, {"model": "blog.comment", "pk": 48, "fields": {"post": 12, "author": ["user_guest_12"], "name": "user_guest_12", "email": "user_guest_12@example.com", "content": "I had no idea about this method; thanks for the insight!", "approved": true, "created_at": "2025-12-01T23:12:16.838Z", "ip_address": null, "session_id": null}}, {"model": "blog.comment", "pk": 49, "fields": {"post": 12, "author": ["guest06"], "name": "guest06", "email": "guest06@example.local", "content": "How often would you recommend watering like this?", "approved": true, "created_at": "2025-12-01T23:12:16.838Z", "ip_address": null, "session_id": null}}, {"model": "blog.comment", "pk": 50, "fields": {"post": 12, "author": ["blogger06"], "name": "blogger06", "email": "blogger06@example.local", "content": "Would this also work for container gardens?", "approved": true, "created_at": "2025-12-01T23:12:16.838Z", "ip_address": null, "session_id": null}}, {"model": "blog.comment", "pk": 51, "fields": {"post": 12, "author": ["customer06"], "name": "customer06", "email": "customer06@example.local", "content": "Our summer heat has been brutal; this helps a lot.", "approved": false, "created_at": "2025-12-01T23:12:16.838Z", "ip_address": null, "session_id": null}}, {"model": "blog.comment", "pk": 52, "fields": {"post": 13, "author": ["user_admin_16"], "name": "user_admin_16", "email": "user_admin_16@example.com", "content": "This really cleared up a lot of questions I had.", "approved": true, "created_at": "2025-12-01T23:12:16.838Z", "ip_address": null, "session_id": null}}, {"model": "blog.comment", "pk": 53, "fields": {"post": 13, "author": ["user_guest_13"], "name": "user_guest_13", "email": "user_guest_13@example.com", "content": "This really cleared up a lot of questions I had.", "approved": false, "created_at": "2025-12-01T23:12:16.838Z", "ip_address": null, "session_id": null}}, {"model": "blog.comment", "pk": 54, "fields": {"post": 13, "author": ["admin"], "name": "admin", "email": "admin@example.com", "content": "Didn’t know you could propagate it like that. Amazing!", "approved": true, "created_at": "2025-12-01T23:12:16.838Z", "ip_address": null, "session_id": null}}, {"model": "blog.comment", "pk": 55, "fields": {"post": 13, "author": ["blogger02"], "name": "blogger02", "email": "blogger02@example.local", "content": "Exactly what I needed — thank you!", "approved": true, "created_at": "2025-12-01T23:12:16.838Z", "ip_address": null, "session_id": null}}, {"model": "blog.comment", "pk": 56, "fields": {"post": 13, "author": ["guest04"], "name": "guest04", "email": "guest04@example.local", "content": "Your advice has genuinely improved my garden.", "approved": true, "created_at": "2025-12-01T23:12:16.838Z", "ip_address": null, "session_id": null}}, {"model": "blog.comment", "pk": 57, "fields": {"post": 11, "author": ["admin"], "name": null, "email": "admin@example.com", "content": "i hope this works", "approved": false, "created_at": "2025-12-02T21:34:58.686Z", "ip_address": "127.0.0.1", "session_id": null}}, {"model": "blog.comment", "pk": 58, "fields": {"post": 11, "author": null, "name": "Anonymous", "email": null, "content": "testing anonymous", "approved": false, "created_at": "2025-12-02T21:57:46.530Z", "ip_address": "127.0.0.1", "session_id": null}}, {"model": "blog.comment", "pk": 59, "fields": {"post": 13, "author": null, "name": "Pio O'Connell", "email": "Pio_o_con@hotmail.com", "content": "testing anonymous", "approved": false, "created_at": "2025-12-02T22:04:33.969Z", "ip_address": "127.0.0.1", "session_id": null}}, {"model": "blog.comment", "pk": 60, "fields": {"post": 13, "author": null, "name": "Pio O'Connell", "email": "Pio_o_con@hotmail.com", "content": "wdw", "approved": false, "created_at": "2025-12-02T22:09:19.071Z", "ip_address": "127.0.0.1", "session_id": null}}, {"model": "blog.comment", "pk": 61, "fields": {"post": 13, "author": null, "name": "Anonymous", "email": null, "content": "gibberish", "approved": false, "created_at": "2025-12-02T22:18:34.928Z", "ip_address": "127.0.0.1", "session_id": null}}, {"model": "blog.comment", "pk": 62, "fields": {"post": 13, "author": null, "name": "Anonymous", "email": null, "content": "are you working like", "approved": false, "created_at": "2025-12-02T22:34:37.552Z", "ip_address": "127.0.0.1", "session_id": null}}, {"model": "blog.comment", "pk": 63, "fields": {"post": 13, "author": null, "name": "Anonymous", "email": null, "content": "another anoymous", "approved": false, "created_at": "2025-12-02T22:38:26.416Z", "ip_address": "127.0.0.1", "session_id": null}}, {"model": "blog.comment", "pk": 64, "fields": {"post": 9, "author": null, "name": "Pio O'Connell", "email": "Pio_o_con@hotmail.com", "content": "testomg this feature out", "approved": true, "created_at": "2025-12-03T10:25:14.871Z", "ip_address": "127.0.0.1", "session_id": null}}, {"model": "blog.comment", "pk": 65, "fields": {"post": 13, "author": null, "name": "Pio O'Connell", "email": "Pio_o_con@hotmail.com", "content": "okay is messaging working", "approved": true, "created_at": "2025-12-03T10:52:52.288Z", "ip_address": "127.0.0.1", "session_id": null}}, {"model": "blog.comment", "pk": 66, "fields": {"post": 13, "author": null, "name": "Pio O'Connell", "email": "Pio_o_con@hotmail.com", "content": "another to check messaging", "approved": false, "created_at": "2025-12-03T10:56:56.959Z", "ip_address": "127.0.0.1", "session_id": null}}, {"model": "blog.comment", "pk": 67, "fields": {"post": 13, "author": null, "name": "Pio O'Connell", "email": "Pio_o_con@hotmail.com", "content": "and anpther", "approved": false, "created_at": "2025-12-03T10:57:56.367Z", "ip_address": "127.0.0.1", "session_id": null}}, {"model": "blog.comment", "pk": 68, "fields": {"post": 13, "author": null, "name": "Pio O'Connell", "email": "Pio_o_con@hotmail.com", "content": "3rd i thnk", "approved": false, "created_at": "2025-12-03T11:00:05.816Z", "ip_address": "127.0.0.1", "session_id": null}}, {"model": "blog.comment", "pk": 69, "fields": {"post": 13, "author": null, "name": "another", "email": "another@test.com", "content": "another", "approved": false, "created_at": "2025-12-03T11:00:50.731Z", "ip_address": "127.0.0.1", "session_id": null}}, {"model": "blog.comment", "pk": 70, "fields": {"post": 13, "author": null, "name": "Pio O'Connell", "email": "Pio_o_con@hotmail.com", "content": "jump to top", "approved": false, "created_at": "2025-12-03T11:03:08.757Z", "ip_address": "127.0.0.1", "session_id": null}}, {"model": "blog.comment", "pk": 71, "fields": {"post": 13, "author": null, "name": "Pio O'Connell", "email": "Pio_o_con@hotmail.com", "content": "rd", "approved": false, "created_at": "2025-12-03T11:05:14.293Z", "ip_address": "127.0.0.1", "session_id": null}}, {"model": "blog.comment", "pk": 72, "fields": {"post": 13, "author": ["user_customer_17"], "name": null, "email": "user_customer_17@example.com", "content": "testpassuser`", "approved": false, "created_at": "2025-12-03T11:14:21.216Z", "ip_address": "127.0.0.1", "session_id": null}}, {"model": "blog.comment", "pk": 77, "fields": {"post": 13, "author": ["user_customer_17"], "name": null, "email": "user_customer_17@example.com", "content": "do an update oart cinq", "approved": false, "created_at": "2025-12-03T12:50:20.813Z", "ip_address": "127.0.0.1", "session_id": null}}]